{
  "best_params": {
    "n_estimators": 487,
    "learning_rate": 0.22306875361727896,
    "num_leaves": 25,
    "max_depth": 6,
    "min_child_samples": 7,
    "subsample": 0.8455963122097873,
    "colsample_bytree": 0.7320268304584611,
    "reg_alpha": 0.0007512628753842512,
    "reg_lambda": 0.017934034871556044
  },
  "best_thresholds": {
    "Slight": 0.25999999999999995,
    "Serious": 0.08,
    "Fatal": 0.07
  },
  "test_argmax": {
    "accuracy": 0.8474025974025974,
    "precision_macro": 0.7033030293329919,
    "recall_macro": 0.4218104612654219,
    "f1_macro": 0.46044203335342576,
    "f1_weighted": 0.8126985823097939,
    "roc_auc_ovr": 0.7278608835271866
  },
  "test_threshold_tuned": {
    "accuracy": 0.8474025974025974,
    "precision_macro": 0.7033030293329919,
    "recall_macro": 0.4218104612654219,
    "f1_macro": 0.46044203335342576,
    "f1_weighted": 0.8126985823097939,
    "roc_auc_ovr": 0.7278608835271866
  },
  "confusion_argmax": [
    [
      1519,
      44,
      0
    ],
    [
      216,
      44,
      1
    ],
    [
      20,
      1,
      3
    ]
  ],
  "confusion_tuned": [
    [
      1519,
      44,
      0
    ],
    [
      216,
      44,
      1
    ],
    [
      20,
      1,
      3
    ]
  ],
  "n_train": 8620,
  "n_val": 1848,
  "n_test": 1848
}