{
  "best_params": {
    "penalty": "elasticnet",
    "C": 0.0016462494656141696,
    "l1_ratio": 0.8558925987309275
  },
  "best_thresholds": {
    "Slight": 0.05,
    "Serious": 0.33999999999999997,
    "Fatal": 0.6599999999999999
  },
  "test_argmax": {
    "accuracy": 0.3538961038961039,
    "precision_macro": 0.35163969146485,
    "recall_macro": 0.4051151141213356,
    "f1_macro": 0.2525384322697875,
    "f1_weighted": 0.43718634977656634,
    "roc_auc_ovr": 0.5911214398388213
  },
  "test_threshold_tuned": {
    "accuracy": 0.5173160173160173,
    "precision_macro": 0.38177861564958343,
    "recall_macro": 0.4391330406453842,
    "f1_macro": 0.3510878297290582,
    "f1_weighted": 0.5861849264826056,
    "roc_auc_ovr": 0.5911214398388213
  },
  "confusion_argmax": [
    [
      511,
      710,
      342
    ],
    [
      70,
      134,
      57
    ],
    [
      2,
      13,
      9
    ]
  ],
  "confusion_tuned": [
    [
      806,
      712,
      45
    ],
    [
      112,
      144,
      5
    ],
    [
      6,
      12,
      6
    ]
  ],
  "n_train": 8620,
  "n_val": 1848,
  "n_test": 1848
}