{
  "best_params": {
    "hidden_dim": 501,
    "n_layers": 4,
    "dropout": 0.46264626283173266,
    "lr": 0.004135858631134951,
    "weight_decay": 0.0006917940107921995,
    "batch_size": 256
  },
  "best_thresholds": {
    "Slight": 0.05,
    "Serious": 0.15999999999999998,
    "Fatal": 0.20999999999999996
  },
  "test_argmax": {
    "accuracy": 0.7922077922077922,
    "precision_macro": 0.43677944228334603,
    "recall_macro": 0.4264995354743187,
    "f1_macro": 0.4301489470980997,
    "f1_weighted": 0.7818355245165722,
    "roc_auc_ovr": 0.6507705670416106
  },
  "test_threshold_tuned": {
    "accuracy": 0.7922077922077922,
    "precision_macro": 0.43677944228334603,
    "recall_macro": 0.4264995354743187,
    "f1_macro": 0.4301489470980997,
    "f1_weighted": 0.7818355245165722,
    "roc_auc_ovr": 0.6507705670416106
  },
  "confusion_argmax": [
    [
      1404,
      142,
      17
    ],
    [
      202,
      56,
      3
    ],
    [
      17,
      3,
      4
    ]
  ],
  "confusion_tuned": [
    [
      1404,
      142,
      17
    ],
    [
      202,
      56,
      3
    ],
    [
      17,
      3,
      4
    ]
  ],
  "n_train": 8620,
  "n_val": 1848,
  "n_test": 1848
}