{
  "best_params": {
    "n_d": 50,
    "n_a": 9,
    "n_steps": 4,
    "gamma": 1.1483203799268833,
    "n_independent": 4,
    "n_shared": 5,
    "lambda_sparse": 0.0003247766052551137,
    "cat_emb_dim": 2,
    "lr": 0.008923818419048303,
    "mask_type": "entmax"
  },
  "best_thresholds": {
    "Slight": 0.05,
    "Serious": 0.19,
    "Fatal": 0.9099999999999999
  },
  "test_argmax": {
    "accuracy": 0.775974025974026,
    "precision_macro": 0.3793572402489809,
    "recall_macro": 0.3956324780667888,
    "f1_macro": 0.3788537542887305,
    "f1_weighted": 0.7619974240303441,
    "roc_auc_ovr": 0.6507986901243523
  },
  "test_threshold_tuned": {
    "accuracy": 0.7911255411255411,
    "precision_macro": 0.43467890670950055,
    "recall_macro": 0.3921837732232199,
    "f1_macro": 0.4050505635644955,
    "f1_weighted": 0.7711726798695556,
    "roc_auc_ovr": 0.6507986901243523
  },
  "confusion_argmax": [
    [
      1397,
      127,
      39
    ],
    [
      220,
      33,
      8
    ],
    [
      20,
      0,
      4
    ]
  ],
  "confusion_tuned": [
    [
      1422,
      131,
      10
    ],
    [
      224,
      37,
      0
    ],
    [
      21,
      0,
      3
    ]
  ],
  "n_train": 8620,
  "n_val": 1848,
  "n_test": 1848
}